[{"model": "admin.logentry", "pk": 1, "fields": {"action_time": "2025-05-19T23:51:49.117Z", "user": 1, "content_type": 7, "object_id": "2952375", "object_repr": "H.R. 5376: Build Back Better Act", "action_flag": 3, "change_message": ""}}, {"model": "admin.logentry", "pk": 2, "fields": {"action_time": "2025-05-19T23:51:49.119Z", "user": 1, "content_type": 7, "object_id": "2900994", "object_repr": "H.R. 3684: Infrastructure Investment and Jobs Act", "action_flag": 3, "change_message": ""}}, {"model": "admin.logentry", "pk": 3, "fields": {"action_time": "2025-05-19T23:53:46.619Z", "user": 1, "content_type": 7, "object_id": "2952375", "object_repr": "H.R. 5376: Build Back Better Act", "action_flag": 3, "change_message": ""}}, {"model": "admin.logentry", "pk": 4, "fields": {"action_time": "2025-05-19T23:53:46.622Z", "user": 1, "content_type": 7, "object_id": "2900994", "object_repr": "H.R. 3684: Infrastructure Investment and Jobs Act", "action_flag": 3, "change_message": ""}}, {"model": "auth.permission", "pk": 1, "fields": {"name": "Can add log entry", "content_type": 1, "codename": "add_logentry"}}, {"model": "auth.permission", "pk": 2, "fields": {"name": "Can change log entry", "content_type": 1, "codename": "change_logentry"}}, {"model": "auth.permission", "pk": 3, "fields": {"name": "Can delete log entry", "content_type": 1, "codename": "delete_logentry"}}, {"model": "auth.permission", "pk": 4, "fields": {"name": "Can view log entry", "content_type": 1, "codename": "view_logentry"}}, {"model": "auth.permission", "pk": 5, "fields": {"name": "Can add permission", "content_type": 2, "codename": "add_permission"}}, {"model": "auth.permission", "pk": 6, "fields": {"name": "Can change permission", "content_type": 2, "codename": "change_permission"}}, {"model": "auth.permission", "pk": 7, "fields": {"name": "Can delete permission", "content_type": 2, "codename": "delete_permission"}}, {"model": "auth.permission", "pk": 8, "fields": {"name": "Can view permission", "content_type": 2, "codename": "view_permission"}}, {"model": "auth.permission", "pk": 9, "fields": {"name": "Can add group", "content_type": 3, "codename": "add_group"}}, {"model": "auth.permission", "pk": 10, "fields": {"name": "Can change group", "content_type": 3, "codename": "change_group"}}, {"model": "auth.permission", "pk": 11, "fields": {"name": "Can delete group", "content_type": 3, "codename": "delete_group"}}, {"model": "auth.permission", "pk": 12, "fields": {"name": "Can view group", "content_type": 3, "codename": "view_group"}}, {"model": "auth.permission", "pk": 13, "fields": {"name": "Can add user", "content_type": 4, "codename": "add_user"}}, {"model": "auth.permission", "pk": 14, "fields": {"name": "Can change user", "content_type": 4, "codename": "change_user"}}, {"model": "auth.permission", "pk": 15, "fields": {"name": "Can delete user", "content_type": 4, "codename": "delete_user"}}, {"model": "auth.permission", "pk": 16, "fields": {"name": "Can view user", "content_type": 4, "codename": "view_user"}}, {"model": "auth.permission", "pk": 17, "fields": {"name": "Can add content type", "content_type": 5, "codename": "add_contenttype"}}, {"model": "auth.permission", "pk": 18, "fields": {"name": "Can change content type", "content_type": 5, "codename": "change_contenttype"}}, {"model": "auth.permission", "pk": 19, "fields": {"name": "Can delete content type", "content_type": 5, "codename": "delete_contenttype"}}, {"model": "auth.permission", "pk": 20, "fields": {"name": "Can view content type", "content_type": 5, "codename": "view_contenttype"}}, {"model": "auth.permission", "pk": 21, "fields": {"name": "Can add session", "content_type": 6, "codename": "add_session"}}, {"model": "auth.permission", "pk": 22, "fields": {"name": "Can change session", "content_type": 6, "codename": "change_session"}}, {"model": "auth.permission", "pk": 23, "fields": {"name": "Can delete session", "content_type": 6, "codename": "delete_session"}}, {"model": "auth.permission", "pk": 24, "fields": {"name": "Can view session", "content_type": 6, "codename": "view_session"}}, {"model": "auth.permission", "pk": 25, "fields": {"name": "Can add bill", "content_type": 7, "codename": "add_bill"}}, {"model": "auth.permission", "pk": 26, "fields": {"name": "Can change bill", "content_type": 7, "codename": "change_bill"}}, {"model": "auth.permission", "pk": 27, "fields": {"name": "Can delete bill", "content_type": 7, "codename": "delete_bill"}}, {"model": "auth.permission", "pk": 28, "fields": {"name": "Can view bill", "content_type": 7, "codename": "view_bill"}}, {"model": "auth.permission", "pk": 29, "fields": {"name": "Can add legislator", "content_type": 8, "codename": "add_legislator"}}, {"model": "auth.permission", "pk": 30, "fields": {"name": "Can change legislator", "content_type": 8, "codename": "change_legislator"}}, {"model": "auth.permission", "pk": 31, "fields": {"name": "Can delete legislator", "content_type": 8, "codename": "delete_legislator"}}, {"model": "auth.permission", "pk": 32, "fields": {"name": "Can view legislator", "content_type": 8, "codename": "view_legislator"}}, {"model": "auth.permission", "pk": 33, "fields": {"name": "Can add vote", "content_type": 9, "codename": "add_vote"}}, {"model": "auth.permission", "pk": 34, "fields": {"name": "Can change vote", "content_type": 9, "codename": "change_vote"}}, {"model": "auth.permission", "pk": 35, "fields": {"name": "Can delete vote", "content_type": 9, "codename": "delete_vote"}}, {"model": "auth.permission", "pk": 36, "fields": {"name": "Can view vote", "content_type": 9, "codename": "view_vote"}}, {"model": "auth.permission", "pk": 37, "fields": {"name": "Can add vote result", "content_type": 10, "codename": "add_voteresult"}}, {"model": "auth.permission", "pk": 38, "fields": {"name": "Can change vote result", "content_type": 10, "codename": "change_voteresult"}}, {"model": "auth.permission", "pk": 39, "fields": {"name": "Can delete vote result", "content_type": 10, "codename": "delete_voteresult"}}, {"model": "auth.permission", "pk": 40, "fields": {"name": "Can view vote result", "content_type": 10, "codename": "view_voteresult"}}, {"model": "auth.user", "pk": 1, "fields": {"password": "pbkdf2_sha256$260000$BGOvp5pvdU05GGuzSUEgmx$/8csaYgIfJJo5yy0zod/UH7Z4f88A7JglJob+DxhhHc=", "last_login": "2025-05-19T23:48:24.346Z", "is_superuser": true, "username": "peuic", "first_name": "", "last_name": "", "email": "", "is_staff": true, "is_active": true, "date_joined": "2025-05-19T23:47:57.883Z", "groups": [], "user_permissions": []}}, {"model": "contenttypes.contenttype", "pk": 1, "fields": {"app_label": "admin", "model": "logentry"}}, {"model": "contenttypes.contenttype", "pk": 2, "fields": {"app_label": "auth", "model": "permission"}}, {"model": "contenttypes.contenttype", "pk": 3, "fields": {"app_label": "auth", "model": "group"}}, {"model": "contenttypes.contenttype", "pk": 4, "fields": {"app_label": "auth", "model": "user"}}, {"model": "contenttypes.contenttype", "pk": 5, "fields": {"app_label": "contenttypes", "model": "contenttype"}}, {"model": "contenttypes.contenttype", "pk": 6, "fields": {"app_label": "sessions", "model": "session"}}, {"model": "contenttypes.contenttype", "pk": 7, "fields": {"app_label": "core", "model": "bill"}}, {"model": "contenttypes.contenttype", "pk": 8, "fields": {"app_label": "core", "model": "legislator"}}, {"model": "contenttypes.contenttype", "pk": 9, "fields": {"app_label": "core", "model": "vote"}}, {"model": "contenttypes.contenttype", "pk": 10, "fields": {"app_label": "core", "model": "voteresult"}}, {"model": "sessions.session", "pk": "vv8wqfgvrsbrhhbp6a5idywa1ll8pfe3", "fields": {"session_data": ".eJxVjDsOwjAQBe_iGlm248QOJX3OYO2-NSSAbCmfCnF3iJQC2jcz76USbeuYtiXPaRJ1VladfjcmPHLZgdyp3KpGLes8sd4VfdBFD1Xy83K4fwcjLeO3ZiaH2MBGZnjrIkzr0cF6G_PV900HlhbGhb6lEKzkDkJg14QAZ0S9P_NSOEs:1uHADY:E9xRelkPCPCCXBppjINULwfhq8UbvW9sHge_6xvyH3M", "expire_date": "2025-06-02T23:48:24.347Z"}}, {"model": "core.legislator", "pk": 15318, "fields": {"name": "Rep. Andrew Garbarino (R-NY-2)"}}, {"model": "core.legislator", "pk": 15367, "fields": {"name": "Rep. Nicole Malliotakis (R-NY-11)"}}, {"model": "core.legislator", "pk": 17941, "fields": {"name": "Rep. Jeff Van Drew (R-NJ-2)"}}, {"model": "core.legislator", "pk": 400380, "fields": {"name": "Rep. Chris Smith (R-NJ-4)"}}, {"model": "core.legislator", "pk": 400414, "fields": {"name": "Rep. Fred Upton (R-MI-6)"}}, {"model": "core.legislator", "pk": 400440, "fields": {"name": "Rep. Don Young (R-AK-1)"}}, {"model": "core.legislator", "pk": 412211, "fields": {"name": "Rep. John Yarmuth (D-KY-3)"}}, {"model": "core.legislator", "pk": 412393, "fields": {"name": "Rep. Tom Reed (R-NY-23)"}}, {"model": "core.legislator", "pk": 412421, "fields": {"name": "Rep. Adam Kinzinger (R-IL-16)"}}, {"model": "core.legislator", "pk": 412487, "fields": {"name": "Rep. David McKinley (R-WV-1)"}}, {"model": "core.legislator", "pk": 412649, "fields": {"name": "Rep. John Katko (R-NY-24)"}}, {"model": "core.legislator", "pk": 904789, "fields": {"name": "Rep. Don Bacon (R-NE-2)"}}, {"model": "core.legislator", "pk": 904796, "fields": {"name": "Rep. Brian Fitzpatrick (R-PA-1)"}}, {"model": "core.legislator", "pk": 905216, "fields": {"name": "Rep. Ilhan Omar (D-MN-5)"}}, {"model": "core.legislator", "pk": 1269767, "fields": {"name": "Rep. Alexandria Ocasio-Cortez (D-NY-14)"}}, {"model": "core.legislator", "pk": 1269775, "fields": {"name": "Rep. Anthony Gonzalez (R-OH-16)"}}, {"model": "core.legislator", "pk": 1269778, "fields": {"name": "Rep. Ayanna Pressley (D-MA-7)"}}, {"model": "core.legislator", "pk": 1269790, "fields": {"name": "Rep. Rashida Tlaib (D-MI-13)"}}, {"model": "core.legislator", "pk": 1603850, "fields": {"name": "Rep. Jamaal Bowman (D-NY-16)"}}, {"model": "core.legislator", "pk": 1852382, "fields": {"name": "Rep. Cori Bush (D-MO-1)"}}, {"model": "core.bill", "pk": 2900994, "fields": {"title": "H.R. 3684: Infrastructure Investment and Jobs Act", "sponsor_id": 400100}}, {"model": "core.bill", "pk": 2952375, "fields": {"title": "H.R. 5376: Build Back Better Act", "sponsor_id": 412211}}, {"model": "core.voteresult", "pk": 92279758, "fields": {"legislator_id": 904789, "vote_id": 3314452, "vote_type": 1}}, {"model": "core.voteresult", "pk": 92279817, "fields": {"legislator_id": 904796, "vote_id": 3314452, "vote_type": 1}}, {"model": "core.voteresult", "pk": 92279823, "fields": {"legislator_id": 15318, "vote_id": 3314452, "vote_type": 1}}, {"model": "core.voteresult", "pk": 92279828, "fields": {"legislator_id": 1269775, "vote_id": 3314452, "vote_type": 1}}, {"model": "core.voteresult", "pk": 92279850, "fields": {"legislator_id": 412649, "vote_id": 3314452, "vote_type": 1}}, {"model": "core.voteresult", "pk": 92279858, "fields": {"legislator_id": 412421, "vote_id": 3314452, "vote_type": 1}}, {"model": "core.voteresult", "pk": 92279879, "fields": {"legislator_id": 15367, "vote_id": 3314452, "vote_type": 1}}, {"model": "core.voteresult", "pk": 92279888, "fields": {"legislator_id": 412487, "vote_id": 3314452, "vote_type": 1}}, {"model": "core.voteresult", "pk": 92279920, "fields": {"legislator_id": 412393, "vote_id": 3314452, "vote_type": 1}}, {"model": "core.voteresult", "pk": 92279943, "fields": {"legislator_id": 400380, "vote_id": 3314452, "vote_type": 1}}, {"model": "core.voteresult", "pk": 92279964, "fields": {"legislator_id": 400414, "vote_id": 3314452, "vote_type": 1}}, {"model": "core.voteresult", "pk": 92279965, "fields": {"legislator_id": 17941, "vote_id": 3314452, "vote_type": 1}}, {"model": "core.voteresult", "pk": 92279979, "fields": {"legislator_id": 400440, "vote_id": 3314452, "vote_type": 1}}, {"model": "core.voteresult", "pk": 92279998, "fields": {"legislator_id": 1603850, "vote_id": 3314452, "vote_type": 2}}, {"model": "core.voteresult", "pk": 92280007, "fields": {"legislator_id": 1852382, "vote_id": 3314452, "vote_type": 2}}, {"model": "core.voteresult", "pk": 92280127, "fields": {"legislator_id": 1269767, "vote_id": 3314452, "vote_type": 2}}, {"model": "core.voteresult", "pk": 92280128, "fields": {"legislator_id": 905216, "vote_id": 3314452, "vote_type": 2}}, {"model": "core.voteresult", "pk": 92280136, "fields": {"legislator_id": 1269778, "vote_id": 3314452, "vote_type": 2}}, {"model": "core.voteresult", "pk": 92280168, "fields": {"legislator_id": 1269790, "vote_id": 3314452, "vote_type": 2}}, {"model": "core.voteresult", "pk": 92516368, "fields": {"legislator_id": 1603850, "vote_id": 3321166, "vote_type": 1}}, {"model": "core.voteresult", "pk": 92516373, "fields": {"legislator_id": 1852382, "vote_id": 3321166, "vote_type": 1}}, {"model": "core.voteresult", "pk": 92516499, "fields": {"legislator_id": 1269767, "vote_id": 3321166, "vote_type": 1}}, {"model": "core.voteresult", "pk": 92516500, "fields": {"legislator_id": 905216, "vote_id": 3321166, "vote_type": 1}}, {"model": "core.voteresult", "pk": 92516513, "fields": {"legislator_id": 1269778, "vote_id": 3321166, "vote_type": 1}}, {"model": "core.voteresult", "pk": 92516553, "fields": {"legislator_id": 1269790, "vote_id": 3321166, "vote_type": 1}}, {"model": "core.voteresult", "pk": 92516579, "fields": {"legislator_id": 904789, "vote_id": 3321166, "vote_type": 2}}, {"model": "core.voteresult", "pk": 92516632, "fields": {"legislator_id": 904796, "vote_id": 3321166, "vote_type": 2}}, {"model": "core.voteresult", "pk": 92516640, "fields": {"legislator_id": 15318, "vote_id": 3321166, "vote_type": 2}}, {"model": "core.voteresult", "pk": 92516647, "fields": {"legislator_id": 1269775, "vote_id": 3321166, "vote_type": 2}}, {"model": "core.voteresult", "pk": 92516683, "fields": {"legislator_id": 412649, "vote_id": 3321166, "vote_type": 2}}, {"model": "core.voteresult", "pk": 92516688, "fields": {"legislator_id": 412421, "vote_id": 3321166, "vote_type": 2}}, {"model": "core.voteresult", "pk": 92516702, "fields": {"legislator_id": 15367, "vote_id": 3321166, "vote_type": 2}}, {"model": "core.voteresult", "pk": 92516711, "fields": {"legislator_id": 412487, "vote_id": 3321166, "vote_type": 2}}, {"model": "core.voteresult", "pk": 92516734, "fields": {"legislator_id": 412393, "vote_id": 3321166, "vote_type": 2}}, {"model": "core.voteresult", "pk": 92516753, "fields": {"legislator_id": 400380, "vote_id": 3321166, "vote_type": 2}}, {"model": "core.voteresult", "pk": 92516768, "fields": {"legislator_id": 400414, "vote_id": 3321166, "vote_type": 2}}, {"model": "core.voteresult", "pk": 92516770, "fields": {"legislator_id": 17941, "vote_id": 3321166, "vote_type": 2}}, {"model": "core.voteresult", "pk": 92516784, "fields": {"legislator_id": 400440, "vote_id": 3321166, "vote_type": 2}}, {"model": "core.vote", "pk": 3314452, "fields": {"bill_id": 2900994}}, {"model": "core.vote", "pk": 3321166, "fields": {"bill_id": 2952375}}]